{
  "generated_at": "2025-11-06T12:27:32+00:00",
  "data_source_name": "Bugzilla@Mozilla (BMO)",
  "data_source_url": "https://bugzilla.mozilla.org",
  "data_access_date": "2025-11-05",
  "data_license": "Mozilla Websites & Communications Terms of Use (voir mentions sur le site)",
  "data_license_url": "https://www.mozilla.org/en-US/about/legal/terms/mozilla/",
  "input_path_sha256": "sha256:1e1b69f5199dc34eaa6a7c34ac6d4408a89c205be0dc6904dab897835024b570",
  "cards": 200,
  "source_system_counts": {
    "bugzilla": 200
  },
  "desc_blob_empty_rate": 1.0,
  "leakage_rate": 0.37,
  "figures": [
    "fig_summary_len_hist.png",
    "fig_status_dist.png",
    "fig_components_top10.png",
    "fig_created_months.png",
    "fig_missingness.png",
    "fig_leakage_rules.png"
  ],
  "missingness_csv": "missingness.csv",
  "duplicates_count_rows": 0
}