[
  {
    "ticket_id": "10954",
    "key": "BUGS-10954",
    "created_at": "1999-07-30T22:55:51Z",
    "project": "BUGS",
    "component": "Settings UI",
    "severity": "medium",
    "status_current": "RESOLVED",
    "title_len": 46,
    "summary_len": 46,
    "text_len": 0,
    "desc_len": 46,
    "summary_text": "Dialup properties needs to be exposed in prefs",
    "desc_blob": "",
    "keywords": [],
    "security_flag": false,
    "resolution": "WONTFIX",
    "leakage_flag": true,
    "leakage_reasons": [
      "status=RESOLVED",
      "resolution=WONTFIX"
    ],
    "comments_len": 0,
    "recent_incidents_1h": 0,
    "source_system": "bugzilla",
    "raw_sha256": "sha256:5492c7d87c2db3a7ae19f78785cbd98016893b657a978cf32897b2f445d085a7"
  },
  {
    "ticket_id": "14871",
    "key": "BUGS-14871",
    "created_at": "1999-09-24T21:49:34Z",
    "project": "BUGS",
    "component": "General",
    "severity": "low",
    "status_current": "RESOLVED",
    "title_len": 27,
    "summary_len": 27,
    "text_len": 0,
    "desc_len": 27,
    "summary_text": "[Find] Find whole word only",
    "desc_blob": "",
    "keywords": [],
    "security_flag": false,
    "resolution": "DUPLICATE",
    "leakage_flag": true,
    "leakage_reasons": [
      "status=RESOLVED",
      "resolution=DUPLICATE"
    ],
    "comments_len": 0,
    "recent_incidents_1h": 0,
    "source_system": "bugzilla",
    "raw_sha256": "sha256:1fb2937dfb864d3601813d7f002b50a1502bc1a5d87ecfb0f605b188af082bf6"
  },
  {
    "ticket_id": "19118",
    "key": "BUGS-19118",
    "created_at": "1999-11-17T22:58:26Z",
    "project": "BUGS",
    "component": "Settings UI",
    "severity": "medium",
    "status_current": "RESOLVED",
    "title_len": 62,
    "summary_len": 62,
    "text_len": 0,
    "desc_len": 62,
    "summary_text": "Plug-In Manager (ui for choosing mimetype-plugin associations)",
    "desc_blob": "",
    "keywords": [],
    "security_flag": false,
    "resolution": "WONTFIX",
    "leakage_flag": true,
    "leakage_reasons": [
      "status=RESOLVED",
      "resolution=WONTFIX"
    ],
    "comments_len": 0,
    "recent_incidents_1h": 0,
    "source_system": "bugzilla",
    "raw_sha256": "sha256:5cb86d204ac27b9ae56de1cbbaa0d5ffd2717e5b54a44b19ebfe55308bad2d25"
  },
  {
    "ticket_id": "21482",
    "key": "BUGS-21482",
    "created_at": "1999-12-11T04:13:35Z",
    "project": "BUGS",
    "component": "File Handling",
    "severity": "medium",
    "status_current": "NEW",
    "title_len": 52,
    "summary_len": 52,
    "text_len": 0,
    "desc_len": 52,
    "summary_text": "Improvement to Save File dialog: folder based on URL",
    "desc_blob": "",
    "keywords": [],
    "security_flag": false,
    "resolution": "",
    "leakage_flag": false,
    "leakage_reasons": [],
    "comments_len": 0,
    "recent_incidents_1h": 0,
    "source_system": "bugzilla",
    "raw_sha256": "sha256:1996e7e2544d4dc31e049a37bf56592e16ad2aa164ecb4985066990c9133e30c"
  },
  {
    "ticket_id": "23207",
    "key": "BUGS-23207",
    "created_at": "2000-01-06T03:19:51Z",
    "project": "BUGS",
    "component": "File Handling",
    "severity": "medium",
    "status_current": "NEW",
    "title_len": 66,
    "summary_len": 66,
    "text_len": 0,
    "desc_len": 66,
    "summary_text": "Options in Save As (location of saved images, choice of filenames)",
    "desc_blob": "",
    "keywords": [],
    "security_flag": false,
    "resolution": "",
    "leakage_flag": false,
    "leakage_reasons": [],
    "comments_len": 0,
    "recent_incidents_1h": 0,
    "source_system": "bugzilla",
    "raw_sha256": "sha256:2abd949984ffcc3824b9bf63cd635a7a107413774a8dc3bf90639e330d5863b4"
  }
]