episode_id,ts,reason,candidates,matched_rules
BUGS-94514,2001-08-09T16:22:28Z,low_conf_or_rule,i:false_positive;i:insufficient_info;i:minor_degradation;i:release_regression,
BUGS-93789,2001-08-05T19:13:05Z,low_conf_or_rule,i:business_side_effect;i:false_positive;i:insufficient_info;i:minor_degradation;i:release_regression,SHORT_DESC
BUGS-135567,2002-04-05T01:32:48Z,low_conf_or_rule,i:business_side_effect;i:false_positive;i:insufficient_info;i:minor_degradation;i:release_regression,SHORT_DESC
BUGS-120679,2002-01-18T00:22:34Z,low_conf_or_rule,i:business_side_effect;i:false_positive;i:insufficient_info;i:minor_degradation;i:release_regression,OPEN_STATUS
BUGS-84340,2001-06-06T18:56:37Z,low_conf_or_rule,i:business_side_effect;i:false_positive;i:insufficient_info;i:minor_degradation;i:release_regression,OPEN_STATUS
BUGS-96181,2001-08-21T06:59:53Z,low_conf_or_rule,i:business_side_effect;i:false_positive;i:insufficient_info;i:minor_degradation;i:release_regression,SHORT_DESC
BUGS-137339,2002-04-14T01:18:32Z,low_conf_or_rule,i:business_side_effect;i:false_positive;i:insufficient_info;i:minor_degradation;i:release_regression,OPEN_STATUS
BUGS-48333,2000-08-10T05:48:53Z,low_conf_or_rule,i:business_side_effect;i:false_positive;i:insufficient_info;i:minor_degradation;i:release_regression,OPEN_STATUS
BUGS-66313,2001-01-23T19:16:06Z,low_conf_or_rule,i:business_side_effect;i:false_positive;i:insufficient_info;i:minor_degradation;i:release_regression,OPEN_STATUS
BUGS-82301,2001-05-23T05:32:19Z,low_conf_or_rule,i:business_side_effect;i:false_positive;i:insufficient_info;i:minor_degradation;i:release_regression,SHORT_DESC
