episode_id,ts,dur_ms,abstained,p_top,chosen_I,policy
BUGS-83003,2001-05-28T10:16:41Z,1,0,0.67956,i:business_side_effect,tau=0.45
BUGS-92073,2001-07-24T11:29:40Z,2,0,0.67956,i:business_side_effect,tau=0.45
BUGS-10954,1999-07-30T22:55:51Z,1,0,0.67956,i:business_side_effect,tau=0.45
BUGS-38805,2000-05-10T18:05:00Z,1,0,0.70511,i:business_side_effect,tau=0.45
BUGS-153521,2002-06-22T03:34:05Z,1,0,0.837942,i:false_positive,tau=0.45
BUGS-153188,2002-06-20T19:51:06Z,1,0,0.914648,i:false_positive,tau=0.45
BUGS-133010,2002-03-23T17:13:47Z,1,0,0.904801,i:false_positive,tau=0.45
BUGS-134649,2002-04-01T16:39:09Z,3,0,0.914648,i:false_positive,tau=0.45
BUGS-79889,2001-05-10T00:49:03Z,1,0,0.904801,i:false_positive,tau=0.45
BUGS-115981,2001-12-19T10:17:11Z,1,0,0.97396,i:false_positive,tau=0.45
BUGS-94514,2001-08-09T16:22:28Z,1,1,0.411358,⊥,tau=0.45
BUGS-154057,2002-06-25T03:31:48Z,2,0,1.0,i:insufficient_info,tau=0.45
BUGS-93789,2001-08-05T19:13:05Z,1,1,0.256089,⊥,tau=0.45
BUGS-135567,2002-04-05T01:32:48Z,2,1,0.234208,⊥,tau=0.45
BUGS-120679,2002-01-18T00:22:34Z,2,1,0.234208,⊥,tau=0.45
BUGS-106075,2001-10-22T20:13:07Z,2,0,1.0,i:insufficient_info,tau=0.45
BUGS-84340,2001-06-06T18:56:37Z,1,1,0.234208,⊥,tau=0.45
BUGS-96181,2001-08-21T06:59:53Z,1,1,0.234208,⊥,tau=0.45
BUGS-54746,2000-09-29T21:12:11Z,1,0,0.556613,i:insufficient_info,tau=0.45
BUGS-137339,2002-04-14T01:18:32Z,3,1,0.234208,⊥,tau=0.45
BUGS-145124,2002-05-16T23:31:47Z,1,0,0.688547,i:insufficient_info,tau=0.45
BUGS-136979,2002-04-11T22:22:06Z,3,0,1.0,i:insufficient_info,tau=0.45
BUGS-48333,2000-08-10T05:48:53Z,1,1,0.234208,⊥,tau=0.45
BUGS-85125,2001-06-11T05:43:18Z,3,0,1.0,i:insufficient_info,tau=0.45
BUGS-127564,2002-02-24T17:54:52Z,2,0,1.0,i:insufficient_info,tau=0.45
BUGS-71656,2001-03-12T04:47:51Z,1,0,1.0,i:insufficient_info,tau=0.45
BUGS-121793,2002-01-25T11:43:19Z,1,0,1.0,i:insufficient_info,tau=0.45
BUGS-38121,2000-05-04T00:27:34Z,2,0,1.0,i:insufficient_info,tau=0.45
BUGS-40253,2000-05-23T07:29:46Z,1,0,1.0,i:insufficient_info,tau=0.45
BUGS-125349,2002-02-13T22:17:05Z,1,0,1.0,i:insufficient_info,tau=0.45
BUGS-66313,2001-01-23T19:16:06Z,1,1,0.234208,⊥,tau=0.45
BUGS-117394,2001-12-30T02:38:46Z,1,0,1.0,i:insufficient_info,tau=0.45
BUGS-125505,2002-02-14T16:24:16Z,1,0,1.0,i:insufficient_info,tau=0.45
BUGS-118248,2002-01-04T23:52:11Z,1,0,1.0,i:insufficient_info,tau=0.45
BUGS-59932,2000-11-13T06:37:59Z,2,0,1.0,i:insufficient_info,tau=0.45
BUGS-126530,2002-02-20T02:18:32Z,1,0,1.0,i:insufficient_info,tau=0.45
BUGS-82301,2001-05-23T05:32:19Z,1,1,0.256089,⊥,tau=0.45
BUGS-125234,2002-02-13T13:59:33Z,1,0,0.942676,i:insufficient_info,tau=0.45
BUGS-63798,2000-12-27T17:28:57Z,2,0,1.0,i:insufficient_info,tau=0.45
BUGS-82860,2001-05-26T14:46:24Z,1,0,0.525303,i:minor_degradation,tau=0.45
BUGS-115107,2001-12-13T20:40:03Z,1,0,0.611851,i:minor_degradation,tau=0.45
BUGS-75119,2001-04-07T22:20:24Z,1,0,0.930945,i:minor_degradation,tau=0.45
BUGS-124036,2002-02-07T03:07:37Z,2,0,0.472139,i:infra_instability,tau=0.45
