{
  "episode_id": "BUGS-124036",
  "ts": "2002-02-07T03:07:37Z",
  "input": {
    "title": "[BUGS] File Handling NEW",
    "text": "Saving to a slow device blocks progress dialog from displaying new low File Handling slow",
    "component": "File Handling",
    "severity": "low",
    "status_current": "NEW",
    "resolution": "",
    "desc_len": 62,
    "has_keyword_crash": false,
    "has_keyword_timeout": false,
    "has_keyword_slow": true,
    "desc_len_ge_1000": false,
    "security_flag": false
  },
  "context": {
    "team": "ops-L1",
    "recent_incidents_1h": 0
  },
  "policy": "policy@tau=0.45",
  "policy_decl": "T=0.2; tau=0.45; delta=0.15",
  "branch_scores": {
    "m": {
      "i:release_regression": 0.0,
      "i:infra_instability": 0.5,
      "i:security_threat": 0.0,
      "i:minor_degradation": 0.0,
      "i:insufficient_info": 0.0,
      "i:false_positive": 0.0,
      "i:business_side_effect": 0.0
    },
    "c": {
      "i:release_regression": 0.0,
      "i:infra_instability": 1.0,
      "i:security_threat": 0.0,
      "i:minor_degradation": 0.5,
      "i:insufficient_info": 1.0,
      "i:false_positive": 0.0,
      "i:business_side_effect": 0.0
    },
    "b": {
      "i:release_regression": 0.0,
      "i:infra_instability": 0.06,
      "i:security_threat": 0.0,
      "i:minor_degradation": 0.1,
      "i:insufficient_info": 0.3,
      "i:false_positive": 0.0,
      "i:business_side_effect": 0.0
    }
  },
  "fusion_scores": {
    "i:release_regression": -0.2197215688496713,
    "i:infra_instability": 0.20249791347652435,
    "i:security_threat": -0.4595020865234757,
    "i:minor_degradation": 0.07075770322454145,
    "i:insufficient_info": 0.10049791347652437,
    "i:false_positive": -0.2751519710343391,
    "i:business_side_effect": -0.2751519710343391
  },
  "selection": {
    "Y_t": [
      "i:infra_instability"
    ],
    "abstain": false,
    "probs": {
      "i:release_regression": 0.0,
      "i:infra_instability": 0.4721393601963486,
      "i:security_threat": 0.0,
      "i:minor_degradation": 0.24434304142249208,
      "i:insufficient_info": 0.2835175983811593,
      "i:false_positive": 0.0,
      "i:business_side_effect": 0.0
    },
    "candidates": [
      "i:infra_instability",
      "i:insufficient_info",
      "i:minor_degradation"
    ],
    "p_top": 0.4721393601963486,
    "tie": false
  },
  "matched_rules": [
    "SEV_LOW",
    "SLOW",
    "INFRA",
    "SHORT_DESC",
    "OPEN_STATUS"
  ],
  "dur_ms": 2
}