{
  "episode_id": "BUGS-38805",
  "ts": "2000-05-10T18:05:00Z",
  "input": {
    "title": "[BUGS] Tabbed Browser RESOLVED",
    "text": "my.sidebar - Customizable chrome page to display sidebar panels resolved medium Tabbed Browser wontfix wontfix",
    "component": "Tabbed Browser",
    "severity": "medium",
    "status_current": "RESOLVED",
    "resolution": "wontfix",
    "desc_len": 63,
    "has_keyword_crash": false,
    "has_keyword_timeout": false,
    "has_keyword_slow": false,
    "desc_len_ge_1000": false,
    "security_flag": false
  },
  "context": {
    "team": "ops-L1",
    "recent_incidents_1h": 0
  },
  "policy": "policy@tau=0.45",
  "policy_decl": "T=0.2; tau=0.45; delta=0.15",
  "branch_scores": {
    "m": {
      "i:release_regression": 0.0,
      "i:infra_instability": 0.0,
      "i:security_threat": 0.0,
      "i:minor_degradation": 0.0,
      "i:insufficient_info": 0.0,
      "i:false_positive": 0.0,
      "i:business_side_effect": 0.0
    },
    "c": {
      "i:release_regression": 0.0,
      "i:infra_instability": 0.0,
      "i:security_threat": 0.0,
      "i:minor_degradation": 0.0,
      "i:insufficient_info": 0.5,
      "i:false_positive": 0.0,
      "i:business_side_effect": 0.5
    },
    "b": {
      "i:release_regression": 0.0,
      "i:infra_instability": 0.0,
      "i:security_threat": 0.0,
      "i:minor_degradation": 0.0,
      "i:insufficient_info": 0.05,
      "i:false_positive": 0.0,
      "i:business_side_effect": 0.0
    }
  },
  "fusion_scores": {
    "i:release_regression": -0.2197215688496713,
    "i:infra_instability": -0.4595020865234757,
    "i:security_threat": -0.4595020865234757,
    "i:minor_degradation": -0.19924229677545857,
    "i:insufficient_info": -0.19950208652347567,
    "i:false_positive": -0.2751519710343391,
    "i:business_side_effect": -0.025151971034339082
  },
  "selection": {
    "Y_t": [
      "i:business_side_effect"
    ],
    "abstain": false,
    "probs": {
      "i:release_regression": 0.0,
      "i:infra_instability": 0.0,
      "i:security_threat": 0.0,
      "i:minor_degradation": 0.0,
      "i:insufficient_info": 0.2948901738539252,
      "i:false_positive": 0.0,
      "i:business_side_effect": 0.7051098261460748
    },
    "candidates": [
      "i:business_side_effect",
      "i:insufficient_info"
    ],
    "p_top": 0.7051098261460748,
    "tie": false
  },
  "matched_rules": [
    "WONTFIX",
    "SHORT_DESC"
  ],
  "dur_ms": 1
}