{
  "episode_id": "BUGS-48333",
  "ts": "2000-08-10T05:48:53Z",
  "input": {
    "title": "[BUGS] Session Restore REOPENED",
    "text": "Ask for confirmation of window close if form has been edited (prompt users before Quit) reopened unknown Session Restore",
    "component": "Session Restore",
    "severity": "unknown",
    "status_current": "REOPENED",
    "resolution": "",
    "desc_len": 87,
    "has_keyword_crash": false,
    "has_keyword_timeout": false,
    "has_keyword_slow": false,
    "desc_len_ge_1000": false,
    "security_flag": false
  },
  "context": {
    "team": "ops-L1",
    "recent_incidents_1h": 0
  },
  "policy": "policy@tau=0.45",
  "policy_decl": "T=0.2; tau=0.45; delta=0.15",
  "branch_scores": {
    "m": {
      "i:release_regression": 0.0,
      "i:infra_instability": 0.0,
      "i:security_threat": 0.0,
      "i:minor_degradation": 0.0,
      "i:insufficient_info": 0.0,
      "i:false_positive": 0.0,
      "i:business_side_effect": 0.0
    },
    "c": {
      "i:release_regression": 0.0,
      "i:infra_instability": 0.0,
      "i:security_threat": 0.0,
      "i:minor_degradation": 0.0,
      "i:insufficient_info": 0.5,
      "i:false_positive": 0.0,
      "i:business_side_effect": 0.0
    },
    "b": {
      "i:release_regression": 0.0,
      "i:infra_instability": 0.0,
      "i:security_threat": 0.0,
      "i:minor_degradation": 0.0,
      "i:insufficient_info": 0.05,
      "i:false_positive": 0.0,
      "i:business_side_effect": 0.0
    }
  },
  "fusion_scores": {
    "i:release_regression": -0.2197215688496713,
    "i:infra_instability": -0.4595020865234757,
    "i:security_threat": -0.4595020865234757,
    "i:minor_degradation": -0.19924229677545857,
    "i:insufficient_info": -0.19950208652347567,
    "i:false_positive": -0.2751519710343391,
    "i:business_side_effect": -0.2751519710343391
  },
  "selection": {
    "Y_t": [
      "⊥"
    ],
    "abstain": true,
    "probs": {
      "i:release_regression": 0.21141267167248357,
      "i:infra_instability": 0.0,
      "i:security_threat": 0.0,
      "i:minor_degradation": 0.23420771058425963,
      "i:insufficient_info": 0.2339036842737222,
      "i:false_positive": 0.16023796673476734,
      "i:business_side_effect": 0.16023796673476734
    },
    "candidates": [
      "i:business_side_effect",
      "i:false_positive",
      "i:insufficient_info",
      "i:minor_degradation",
      "i:release_regression"
    ],
    "p_top": 0.23420771058425963,
    "tie": false
  },
  "matched_rules": [
    "OPEN_STATUS"
  ],
  "dur_ms": 1
}