{
  "episode_id": "BUGS-82301",
  "ts": "2001-05-23T05:32:19Z",
  "input": {
    "title": "[BUGS] Bookmarks & History RESOLVED",
    "text": "Today History folder should be expanded by default resolved medium Bookmarks & History fixed",
    "component": "Bookmarks & History",
    "severity": "medium",
    "status_current": "RESOLVED",
    "resolution": "fixed",
    "desc_len": 50,
    "has_keyword_crash": false,
    "has_keyword_timeout": false,
    "has_keyword_slow": false,
    "desc_len_ge_1000": false,
    "security_flag": false
  },
  "context": {
    "team": "ops-L1",
    "recent_incidents_1h": 0
  },
  "policy": "policy@tau=0.45",
  "policy_decl": "T=0.2; tau=0.45; delta=0.15",
  "branch_scores": {
    "m": {
      "i:release_regression": 0.0,
      "i:infra_instability": 0.0,
      "i:security_threat": 0.0,
      "i:minor_degradation": 0.0,
      "i:insufficient_info": 0.0,
      "i:false_positive": 0.0,
      "i:business_side_effect": 0.0
    },
    "c": {
      "i:release_regression": 0.0,
      "i:infra_instability": 0.0,
      "i:security_threat": 0.0,
      "i:minor_degradation": 0.0,
      "i:insufficient_info": 0.5,
      "i:false_positive": 0.0,
      "i:business_side_effect": 0.0
    },
    "b": {
      "i:release_regression": 0.0,
      "i:infra_instability": 0.0,
      "i:security_threat": 0.0,
      "i:minor_degradation": 0.0,
      "i:insufficient_info": 0.16999999999999998,
      "i:false_positive": 0.0,
      "i:business_side_effect": 0.0
    }
  },
  "fusion_scores": {
    "i:release_regression": -0.2197215688496713,
    "i:infra_instability": -0.4595020865234757,
    "i:security_threat": -0.4595020865234757,
    "i:minor_degradation": -0.19924229677545857,
    "i:insufficient_info": -0.1755020865234757,
    "i:false_positive": -0.2751519710343391,
    "i:business_side_effect": -0.2751519710343391
  },
  "selection": {
    "Y_t": [
      "⊥"
    ],
    "abstain": true,
    "probs": {
      "i:release_regression": 0.20529050175389338,
      "i:infra_instability": 0.0,
      "i:security_threat": 0.0,
      "i:minor_degradation": 0.2274254331119701,
      "i:insufficient_info": 0.25608859770288533,
      "i:false_positive": 0.15559773371562555,
      "i:business_side_effect": 0.15559773371562555
    },
    "candidates": [
      "i:business_side_effect",
      "i:false_positive",
      "i:insufficient_info",
      "i:minor_degradation",
      "i:release_regression"
    ],
    "p_top": 0.25608859770288533,
    "tie": false
  },
  "matched_rules": [
    "SHORT_DESC"
  ],
  "dur_ms": 1
}