{
  "episode_id": "BUGS-75119",
  "ts": "2001-04-07T22:20:24Z",
  "input": {
    "title": "[BUGS] Settings UI VERIFIED",
    "text": "Cookie Manager: \"Don't allow sites that set removed cookies to set future cookies\"  should stay checked/unchecked verified low Settings UI fixed falsepositive",
    "component": "Settings UI",
    "severity": "low",
    "status_current": "VERIFIED",
    "resolution": "fixed",
    "desc_len": 113,
    "has_keyword_crash": false,
    "has_keyword_timeout": false,
    "has_keyword_slow": false,
    "desc_len_ge_1000": false,
    "security_flag": false
  },
  "context": {
    "team": "ops-L1",
    "recent_incidents_1h": 0
  },
  "policy": "policy@tau=0.45",
  "policy_decl": "T=0.2; tau=0.45; delta=0.15",
  "branch_scores": {
    "m": {
      "i:release_regression": 0.0,
      "i:infra_instability": 0.0,
      "i:security_threat": 0.0,
      "i:minor_degradation": 0.0,
      "i:insufficient_info": 0.0,
      "i:false_positive": 0.0,
      "i:business_side_effect": 0.0
    },
    "c": {
      "i:release_regression": 0.0,
      "i:infra_instability": 0.0,
      "i:security_threat": 0.0,
      "i:minor_degradation": 0.5,
      "i:insufficient_info": 0.0,
      "i:false_positive": 0.0,
      "i:business_side_effect": 0.0
    },
    "b": {
      "i:release_regression": 0.0,
      "i:infra_instability": 0.0,
      "i:security_threat": 0.0,
      "i:minor_degradation": 0.1,
      "i:insufficient_info": 0.05,
      "i:false_positive": 0.0,
      "i:business_side_effect": 0.0
    }
  },
  "fusion_scores": {
    "i:release_regression": -0.2197215688496713,
    "i:infra_instability": -0.4595020865234757,
    "i:security_threat": -0.4595020865234757,
    "i:minor_degradation": 0.07075770322454145,
    "i:insufficient_info": -0.4495020865234757,
    "i:false_positive": -0.2751519710343391,
    "i:business_side_effect": -0.2751519710343391
  },
  "selection": {
    "Y_t": [
      "i:minor_degradation"
    ],
    "abstain": false,
    "probs": {
      "i:release_regression": 0.0,
      "i:infra_instability": 0.0,
      "i:security_threat": 0.0,
      "i:minor_degradation": 0.9309451310155865,
      "i:insufficient_info": 0.06905486898441345,
      "i:false_positive": 0.0,
      "i:business_side_effect": 0.0
    },
    "candidates": [
      "i:insufficient_info",
      "i:minor_degradation"
    ],
    "p_top": 0.9309451310155865,
    "tie": false
  },
  "matched_rules": [
    "SEV_LOW"
  ],
  "dur_ms": 1
}