{
  "episode_id": "BUGS-125234",
  "ts": "2002-02-13T13:59:33Z",
  "input": {
    "title": "[BUGS] File Handling RESOLVED",
    "text": "add an alert to \"save page as\" dialog resolved high File Handling incomplete needinfo",
    "component": "File Handling",
    "severity": "high",
    "status_current": "RESOLVED",
    "resolution": "incomplete",
    "desc_len": 37,
    "has_keyword_crash": false,
    "has_keyword_timeout": false,
    "has_keyword_slow": false,
    "desc_len_ge_1000": false,
    "security_flag": false
  },
  "context": {
    "team": "ops-L1",
    "recent_incidents_1h": 0
  },
  "policy": "policy@tau=0.45",
  "policy_decl": "T=0.2; tau=0.45; delta=0.15",
  "branch_scores": {
    "m": {
      "i:release_regression": 0.0,
      "i:infra_instability": 0.0,
      "i:security_threat": 0.0,
      "i:minor_degradation": 0.0,
      "i:insufficient_info": 1.0,
      "i:false_positive": 0.0,
      "i:business_side_effect": 0.0
    },
    "c": {
      "i:release_regression": 0.0,
      "i:infra_instability": 0.5,
      "i:security_threat": 0.0,
      "i:minor_degradation": 0.0,
      "i:insufficient_info": 1.0,
      "i:false_positive": 0.0,
      "i:business_side_effect": 0.0
    },
    "b": {
      "i:release_regression": 0.0,
      "i:infra_instability": 0.12,
      "i:security_threat": 0.0,
      "i:minor_degradation": 0.0,
      "i:insufficient_info": 0.16999999999999998,
      "i:false_positive": 0.0,
      "i:business_side_effect": 0.0
    }
  },
  "fusion_scores": {
    "i:release_regression": -0.2197215688496713,
    "i:infra_instability": -0.18550208652347566,
    "i:security_threat": -0.4595020865234757,
    "i:minor_degradation": -0.19924229677545857,
    "i:insufficient_info": 0.3744979134765244,
    "i:false_positive": -0.2751519710343391,
    "i:business_side_effect": -0.2751519710343391
  },
  "selection": {
    "Y_t": [
      "i:insufficient_info"
    ],
    "abstain": false,
    "probs": {
      "i:release_regression": 0.0,
      "i:infra_instability": 0.057324175898868734,
      "i:security_threat": 0.0,
      "i:minor_degradation": 0.0,
      "i:insufficient_info": 0.9426758241011313,
      "i:false_positive": 0.0,
      "i:business_side_effect": 0.0
    },
    "candidates": [
      "i:infra_instability",
      "i:insufficient_info"
    ],
    "p_top": 0.9426758241011313,
    "tie": false
  },
  "matched_rules": [
    "SEV_HIGH",
    "INSUFF_TXT",
    "SHORT_DESC"
  ],
  "dur_ms": 1
}