{
  "episode_id": "BUGS-153188",
  "ts": "2002-06-20T19:51:06Z",
  "input": {
    "title": "[BUGS] Search RESOLVED",
    "text": "Add \"Make foo my default search engine\" to addSearchEngine dialog resolved medium Search worksforme falsepositive",
    "component": "Search",
    "severity": "medium",
    "status_current": "RESOLVED",
    "resolution": "worksforme",
    "desc_len": 65,
    "has_keyword_crash": false,
    "has_keyword_timeout": false,
    "has_keyword_slow": false,
    "desc_len_ge_1000": false,
    "security_flag": false
  },
  "context": {
    "team": "ops-L1",
    "recent_incidents_1h": 0
  },
  "policy": "policy@tau=0.45",
  "policy_decl": "T=0.2; tau=0.45; delta=0.15",
  "branch_scores": {
    "m": {
      "i:release_regression": 0.0,
      "i:infra_instability": 0.0,
      "i:security_threat": 0.0,
      "i:minor_degradation": 0.0,
      "i:insufficient_info": 0.0,
      "i:false_positive": 1.0,
      "i:business_side_effect": 0.0
    },
    "c": {
      "i:release_regression": 0.0,
      "i:infra_instability": 0.0,
      "i:security_threat": 0.0,
      "i:minor_degradation": 0.0,
      "i:insufficient_info": 0.5,
      "i:false_positive": 0.5,
      "i:business_side_effect": 0.0
    },
    "b": {
      "i:release_regression": 0.0,
      "i:infra_instability": 0.0,
      "i:security_threat": 0.0,
      "i:minor_degradation": 0.0,
      "i:insufficient_info": 0.05,
      "i:false_positive": 0.0,
      "i:business_side_effect": 0.0
    }
  },
  "fusion_scores": {
    "i:release_regression": -0.2197215688496713,
    "i:infra_instability": -0.4595020865234757,
    "i:security_threat": -0.4595020865234757,
    "i:minor_degradation": -0.19924229677545857,
    "i:insufficient_info": -0.19950208652347567,
    "i:false_positive": 0.27484802896566096,
    "i:business_side_effect": -0.2751519710343391
  },
  "selection": {
    "Y_t": [
      "i:false_positive"
    ],
    "abstain": false,
    "probs": {
      "i:release_regression": 0.0,
      "i:infra_instability": 0.0,
      "i:security_threat": 0.0,
      "i:minor_degradation": 0.0,
      "i:insufficient_info": 0.08535237725746797,
      "i:false_positive": 0.914647622742532,
      "i:business_side_effect": 0.0
    },
    "candidates": [
      "i:false_positive",
      "i:insufficient_info"
    ],
    "p_top": 0.914647622742532,
    "tie": false
  },
  "matched_rules": [
    "INVALID",
    "SHORT_DESC"
  ],
  "dur_ms": 1
}