{
  "episode_id": "BUGS-94514",
  "ts": "2001-08-09T16:22:28Z",
  "input": {
    "title": "[BUGS] Bookmarks & History VERIFIED",
    "text": "POST result page should not appear in global history or history autocomplete results verified medium Bookmarks & History fixed",
    "component": "Bookmarks & History",
    "severity": "medium",
    "status_current": "VERIFIED",
    "resolution": "fixed",
    "desc_len": 84,
    "has_keyword_crash": false,
    "has_keyword_timeout": false,
    "has_keyword_slow": false,
    "desc_len_ge_1000": false,
    "security_flag": false
  },
  "context": {
    "team": "ops-L1",
    "recent_incidents_1h": 0
  },
  "policy": "policy@tau=0.45",
  "policy_decl": "T=0.2; tau=0.45; delta=0.15",
  "branch_scores": {
    "m": {
      "i:release_regression": 0.5,
      "i:infra_instability": 0.0,
      "i:security_threat": 0.0,
      "i:minor_degradation": 0.0,
      "i:insufficient_info": 0.0,
      "i:false_positive": 0.5,
      "i:business_side_effect": 0.0
    },
    "c": {
      "i:release_regression": 0.0,
      "i:infra_instability": 0.0,
      "i:security_threat": 0.0,
      "i:minor_degradation": 0.0,
      "i:insufficient_info": 0.0,
      "i:false_positive": 0.0,
      "i:business_side_effect": 0.0
    },
    "b": {
      "i:release_regression": 0.0,
      "i:infra_instability": 0.0,
      "i:security_threat": 0.0,
      "i:minor_degradation": 0.0,
      "i:insufficient_info": 0.05,
      "i:false_positive": 0.0,
      "i:business_side_effect": 0.0
    }
  },
  "fusion_scores": {
    "i:release_regression": -0.06972156884967132,
    "i:infra_instability": -0.4595020865234757,
    "i:security_threat": -0.4595020865234757,
    "i:minor_degradation": -0.19924229677545857,
    "i:insufficient_info": -0.4495020865234757,
    "i:false_positive": -0.1251519710343391,
    "i:business_side_effect": -0.2751519710343391
  },
  "selection": {
    "Y_t": [
      "⊥"
    ],
    "abstain": true,
    "probs": {
      "i:release_regression": 0.41135835995546144,
      "i:infra_instability": 0.0,
      "i:security_threat": 0.0,
      "i:minor_degradation": 0.21526312498669475,
      "i:insufficient_info": 0.06159385864554373,
      "i:false_positive": 0.3117846564123001,
      "i:business_side_effect": 0.0
    },
    "candidates": [
      "i:false_positive",
      "i:insufficient_info",
      "i:minor_degradation",
      "i:release_regression"
    ],
    "p_top": 0.41135835995546144,
    "tie": false
  },
  "matched_rules": [],
  "dur_ms": 1
}