{
  "episode_id": "BUGS-115981",
  "ts": "2001-12-19T10:17:11Z",
  "input": {
    "title": "[BUGS] File Handling RESOLVED",
    "text": "Quick access to \"Favorites\" directory in the \"Open\" and \"Save As...\" dialogues in Windows resolved medium File Handling worksforme falsepositive",
    "component": "File Handling",
    "severity": "medium",
    "status_current": "RESOLVED",
    "resolution": "worksforme",
    "desc_len": 89,
    "has_keyword_crash": false,
    "has_keyword_timeout": false,
    "has_keyword_slow": false,
    "desc_len_ge_1000": false,
    "security_flag": false
  },
  "context": {
    "team": "ops-L1",
    "recent_incidents_1h": 0
  },
  "policy": "policy@tau=0.45",
  "policy_decl": "T=0.2; tau=0.45; delta=0.15",
  "branch_scores": {
    "m": {
      "i:release_regression": 0.0,
      "i:infra_instability": 0.0,
      "i:security_threat": 0.0,
      "i:minor_degradation": 0.0,
      "i:insufficient_info": 0.0,
      "i:false_positive": 1.0,
      "i:business_side_effect": 0.0
    },
    "c": {
      "i:release_regression": 0.0,
      "i:infra_instability": 0.0,
      "i:security_threat": 0.0,
      "i:minor_degradation": 0.0,
      "i:insufficient_info": 0.0,
      "i:false_positive": 0.5,
      "i:business_side_effect": 0.0
    },
    "b": {
      "i:release_regression": 0.0,
      "i:infra_instability": 0.0,
      "i:security_threat": 0.0,
      "i:minor_degradation": 0.0,
      "i:insufficient_info": 0.05,
      "i:false_positive": 0.0,
      "i:business_side_effect": 0.0
    }
  },
  "fusion_scores": {
    "i:release_regression": -0.2197215688496713,
    "i:infra_instability": -0.4595020865234757,
    "i:security_threat": -0.4595020865234757,
    "i:minor_degradation": -0.19924229677545857,
    "i:insufficient_info": -0.4495020865234757,
    "i:false_positive": 0.27484802896566096,
    "i:business_side_effect": -0.2751519710343391
  },
  "selection": {
    "Y_t": [
      "i:false_positive"
    ],
    "abstain": false,
    "probs": {
      "i:release_regression": 0.0,
      "i:infra_instability": 0.0,
      "i:security_threat": 0.0,
      "i:minor_degradation": 0.0,
      "i:insufficient_info": 0.02603964088402085,
      "i:false_positive": 0.9739603591159791,
      "i:business_side_effect": 0.0
    },
    "candidates": [
      "i:false_positive",
      "i:insufficient_info"
    ],
    "p_top": 0.9739603591159791,
    "tie": false
  },
  "matched_rules": [
    "INVALID"
  ],
  "dur_ms": 1
}