{
  "episode_id": "BUGS-54746",
  "ts": "2000-09-29T21:12:11Z",
  "input": {
    "title": "[BUGS] Settings UI REOPENED",
    "text": "Language encodings in font prefs dialog not sorted on non-English locales reopened medium Settings UI",
    "component": "Settings UI",
    "severity": "medium",
    "status_current": "REOPENED",
    "resolution": "",
    "desc_len": 73,
    "has_keyword_crash": false,
    "has_keyword_timeout": false,
    "has_keyword_slow": false,
    "desc_len_ge_1000": false,
    "security_flag": false
  },
  "context": {
    "team": "ops-L1",
    "recent_incidents_1h": 0
  },
  "policy": "policy@tau=0.45",
  "policy_decl": "T=0.2; tau=0.45; delta=0.15",
  "branch_scores": {
    "m": {
      "i:release_regression": 0.0,
      "i:infra_instability": 0.0,
      "i:security_threat": 0.0,
      "i:minor_degradation": 0.5,
      "i:insufficient_info": 0.0,
      "i:false_positive": 0.5,
      "i:business_side_effect": 0.0
    },
    "c": {
      "i:release_regression": 0.0,
      "i:infra_instability": 0.0,
      "i:security_threat": 0.0,
      "i:minor_degradation": 0.0,
      "i:insufficient_info": 1.0,
      "i:false_positive": 0.0,
      "i:business_side_effect": 0.0
    },
    "b": {
      "i:release_regression": 0.0,
      "i:infra_instability": 0.0,
      "i:security_threat": 0.0,
      "i:minor_degradation": 0.0,
      "i:insufficient_info": 0.3,
      "i:false_positive": 0.0,
      "i:business_side_effect": 0.0
    }
  },
  "fusion_scores": {
    "i:release_regression": -0.2197215688496713,
    "i:infra_instability": -0.4595020865234757,
    "i:security_threat": -0.4595020865234757,
    "i:minor_degradation": -0.04924229677545858,
    "i:insufficient_info": 0.10049791347652437,
    "i:false_positive": -0.1251519710343391,
    "i:business_side_effect": -0.2751519710343391
  },
  "selection": {
    "Y_t": [
      "i:insufficient_info"
    ],
    "abstain": false,
    "probs": {
      "i:release_regression": 0.0,
      "i:infra_instability": 0.0,
      "i:security_threat": 0.0,
      "i:minor_degradation": 0.26326720205166465,
      "i:insufficient_info": 0.5566131893347961,
      "i:false_positive": 0.18011960861353926,
      "i:business_side_effect": 0.0
    },
    "candidates": [
      "i:false_positive",
      "i:insufficient_info",
      "i:minor_degradation"
    ],
    "p_top": 0.5566131893347961,
    "tie": false
  },
  "matched_rules": [
    "SHORT_DESC",
    "OPEN_STATUS"
  ],
  "dur_ms": 1
}