{
  "episode_id": "BUGS-153521",
  "ts": "2002-06-22T03:34:05Z",
  "input": {
    "title": "[BUGS] File Handling RESOLVED",
    "text": "Canceling a file save fubars a .cgi page until Mozilla is relaunched resolved high File Handling worksforme falsepositive",
    "component": "File Handling",
    "severity": "high",
    "status_current": "RESOLVED",
    "resolution": "worksforme",
    "desc_len": 68,
    "has_keyword_crash": false,
    "has_keyword_timeout": false,
    "has_keyword_slow": false,
    "desc_len_ge_1000": false,
    "security_flag": false
  },
  "context": {
    "team": "ops-L1",
    "recent_incidents_1h": 0
  },
  "policy": "policy@tau=0.45",
  "policy_decl": "T=0.2; tau=0.45; delta=0.15",
  "branch_scores": {
    "m": {
      "i:release_regression": 0.0,
      "i:infra_instability": 0.0,
      "i:security_threat": 0.0,
      "i:minor_degradation": 0.0,
      "i:insufficient_info": 0.0,
      "i:false_positive": 1.0,
      "i:business_side_effect": 0.0
    },
    "c": {
      "i:release_regression": 0.0,
      "i:infra_instability": 0.5,
      "i:security_threat": 0.0,
      "i:minor_degradation": 0.0,
      "i:insufficient_info": 0.5,
      "i:false_positive": 0.5,
      "i:business_side_effect": 0.0
    },
    "b": {
      "i:release_regression": 0.0,
      "i:infra_instability": 0.12,
      "i:security_threat": 0.0,
      "i:minor_degradation": 0.0,
      "i:insufficient_info": 0.05,
      "i:false_positive": 0.0,
      "i:business_side_effect": 0.0
    }
  },
  "fusion_scores": {
    "i:release_regression": -0.2197215688496713,
    "i:infra_instability": -0.18550208652347566,
    "i:security_threat": -0.4595020865234757,
    "i:minor_degradation": -0.19924229677545857,
    "i:insufficient_info": -0.19950208652347567,
    "i:false_positive": 0.27484802896566096,
    "i:business_side_effect": -0.2751519710343391
  },
  "selection": {
    "Y_t": [
      "i:false_positive"
    ],
    "abstain": false,
    "probs": {
      "i:release_regression": 0.0,
      "i:infra_instability": 0.08386410825739814,
      "i:security_threat": 0.0,
      "i:minor_degradation": 0.0,
      "i:insufficient_info": 0.0781943762511214,
      "i:false_positive": 0.8379415154914804,
      "i:business_side_effect": 0.0
    },
    "candidates": [
      "i:false_positive",
      "i:infra_instability",
      "i:insufficient_info"
    ],
    "p_top": 0.8379415154914804,
    "tie": false
  },
  "matched_rules": [
    "SEV_HIGH",
    "INVALID",
    "SHORT_DESC"
  ],
  "dur_ms": 1
}